Fecha,MEI_v2,atl_natl_anom,atl_natl_sst,atl_satl_anom,atl_satl_sst,atl_trop_anom,atl_trop_sst,cpac850,cpolr,darwin_slp,epac850,nino12_anom,nino12_sst,nino34_3m_anom,nino34_anom,nino34_sst,nino3_anom,nino3_sst,nino4_anom,nino4_sst,oisst_nino12_anom,oisst_nino12_sst,oisst_nino34_anom,oisst_nino34_sst,oisst_nino3_anom,oisst_nino3_sst,oisst_nino4_anom,oisst_nino4_sst,olr_equatorial,oni_anom,oni_total,qbo_u30,qbo_u50,rnino12,rnino3,rnino34,rnino34_anom,rnino4,roni_anom,soi,tahiti_slp,wpac850,z500t,zwnd200
2013-01-01,-0.06,0.19,26.18,0.18,25.78,0.04,27.62,3.6666666666666665,-0.54,1.3666666666666665,3.2999999999999994,-0.68,23.89,-0.43,-0.53,26.01,-0.66,25.0,-0.08,28.24,-0.14,24.37,-0.48,26.09,-0.67,25.0,-0.08,28.14,8.233333333333333,-0.29,26.21,-3.5133333333333336,-6.923333333333333,-0.27,-0.9,-0.66,-0.7,-0.2,-0.63,-0.1,2.6999999999999997,0.3666666666666667,90.06333333333333,9.8
2013-02-01,-0.08,0.19,25.75,-0.04,26.45,0.07,27.86,4.233333333333333,8.74,2.6333333333333333,1.6000000000000003,-0.73,25.37,-0.43,-0.52,26.24,-0.56,25.84,-0.19,28.01,-0.11,25.98,-0.48,26.25,-0.55,25.83,0.09,28.19,12.799999999999999,-0.29,26.44,-0.49666666666666665,-6.266666666666667,-0.27,-0.8,-0.7,-0.72,0.01,-0.6,-0.30000000000000004,3.6333333333333333,2.766666666666667,89.67,4.633333333333334
2013-03-01,-0.13,0.61,26.15,-0.03,26.99,0.04,28.23,3.6999999999999997,-0.84,1.7,1.0333333333333334,-0.67,25.81,-0.34,-0.25,27.03,-0.12,27.08,-0.37,27.95,-0.49,26.11,-0.22,27.02,0.04,27.2,-0.49,27.74,9.866666666666665,-0.21,26.96,2.0733333333333337,-6.2299999999999995,-0.63,0.0,-0.33,-0.4,-0.69,-0.5,2.0,5.3999999999999995,1.5,89.72666666666667,7.933333333333334
2013-04-01,-0.35,0.43,26.31,-0.03,26.88,0.06,28.59,3.733333333333333,10.21,3.0999999999999996,2.1666666666666665,-1.23,24.31,-0.3,-0.25,27.57,-0.36,27.22,-0.27,28.36,-1.08,24.65,0.11,27.92,0.02,27.59,-0.15,28.36,19.166666666666668,-0.19,27.38,5.81,-4.973333333333334,-1.26,-0.08,0.05,-0.38,-0.3,-0.43,0.30000000000000004,4.2,3.733333333333333,89.69333333333333,6.333333333333333
2013-05-01,-0.68,0.37,26.7,0.03,26.17,-0.1,28.33,2.433333333333333,7.19,3.1666666666666665,2.4333333333333336,-1.58,22.83,-0.36,-0.4,27.53,-0.82,26.43,-0.23,28.69,-1.37,23.24,-0.3,27.58,-0.69,26.52,-0.22,28.57,20.833333333333332,-0.27,27.47,9.35,-3.64,-1.53,-0.83,-0.41,-0.52,-0.34,-0.44,1.05,5.0,3.6,89.43666666666667,3.033333333333333
2013-06-01,-1.14,0.33,27.05,-0.12,24.77,-0.18,27.76,2.6666666666666665,4.09,2.6333333333333333,1.8666666666666665,-1.91,21.22,-0.4,-0.42,27.3,-0.89,25.73,-0.2,28.77,-1.9,21.27,-0.34,27.37,-0.8,25.84,-0.27,28.57,18.366666666666667,-0.34,27.24,10.910000000000002,1.1233333333333333,-1.94,-0.8,-0.28,-0.42,-0.23,-0.43,1.6,4.966666666666667,2.2,89.60666666666667,2.3
2013-07-01,-0.79,0.11,27.3,-0.1,23.62,-0.14,27.28,2.8000000000000003,8.83,3.6,2.333333333333333,-1.6,20.36,-0.4,-0.39,26.91,-0.7,25.1,-0.24,28.66,-1.81,20.02,-0.26,27.04,-0.57,25.3,-0.17,28.61,21.633333333333336,-0.35,26.89,12.333333333333334,4.846666666666667,-1.77,-0.56,-0.21,-0.35,-0.13,-0.38,1.05,5.2,2.3666666666666667,89.25333333333333,1.5333333333333332
2013-08-01,-0.45,0.19,27.92,0.11,23.14,-0.11,27.03,2.0333333333333337,9.28,4.166666666666667,2.1333333333333333,-1.16,19.85,-0.32,-0.38,26.47,-0.65,24.47,-0.18,28.61,-1.03,19.83,-0.47,26.43,-0.72,24.5,-0.19,28.5,25.8,-0.28,26.64,12.586666666666666,6.126666666666666,-1.04,-0.77,-0.49,-0.39,-0.2,-0.32,0.25,4.966666666666666,2.1999999999999997,89.35666666666667,-4.466666666666667
2013-09-01,-0.33,0.34,28.48,-0.03,22.9,0.03,27.22,3.3000000000000003,4.75,3.466666666666667,2.8666666666666667,-0.77,19.95,-0.25,-0.18,26.54,-0.33,24.58,-0.11,28.65,-0.77,19.81,0.05,26.82,-0.05,24.96,0.06,28.74,20.866666666666667,-0.21,26.51,11.093333333333334,6.316666666666666,-0.84,-0.13,0.0,-0.22,0.0,-0.28,0.4,4.866666666666666,1.7,89.56666666666668,1.5333333333333332
2013-10-01,-0.13,0.27,28.4,-0.09,23.22,0.04,27.47,1.9666666666666666,2.46,3.5,1.866666666666667,-0.75,20.27,-0.17,-0.2,26.52,-0.19,24.79,-0.04,28.72,-0.67,20.2,-0.15,26.62,-0.05,25.04,0.12,28.8,18.366666666666667,-0.13,26.54,9.776666666666666,6.55,-0.71,-0.07,-0.19,-0.24,0.13,-0.22,-0.1,4.333333333333333,0.4000000000000001,89.12333333333333,1.6666666666666667
2013-11-01,-0.16,0.02,27.61,-0.27,23.63,0.08,27.69,2.4666666666666663,5.65,1.8,2.2333333333333334,-0.56,21.09,-0.17,-0.14,26.56,-0.2,24.9,0.04,28.74,-0.64,20.98,-0.09,26.73,-0.23,24.97,0.14,28.81,21.566666666666666,-0.1,26.5,10.03,6.98,-0.74,-0.36,-0.19,-0.21,0.08,-0.22,0.95,4.066666666666666,2.766666666666667,89.25666666666666,2.466666666666667
2013-12-01,-0.33,-0.03,26.76,-0.11,24.57,0.02,27.61,3.3000000000000003,11.12,2.766666666666667,2.8333333333333335,-0.44,22.37,-0.27,-0.17,26.43,-0.13,25.09,-0.06,28.48,-0.01,22.83,-0.18,26.47,0.03,25.29,-0.3,28.15,20.133333333333333,-0.15,26.35,9.773333333333333,7.076666666666667,0.01,0.0,-0.24,-0.23,-0.42,-0.33,0.1,4.066666666666667,3.0666666666666664,89.38000000000001,9.133333333333333
2014-01-01,-0.5,-0.11,25.89,-0.05,25.56,0.0,27.58,3.566666666666667,10.72,0.6,2.966666666666667,-0.01,24.56,-0.43,-0.49,26.05,-0.43,25.23,-0.18,28.14,0.19,24.71,-0.49,26.07,-0.2,25.47,-0.32,27.91,14.200000000000001,-0.28,26.22,9.81,6.866666666666667,0.24,-0.25,-0.6,-0.56,-0.42,-0.49,1.9,4.6000000000000005,0.09999999999999999,89.17,8.966666666666667
2014-02-01,-0.42,-0.2,25.37,0.17,26.66,-0.11,27.67,2.1666666666666665,9.23,1.4666666666666668,3.6999999999999997,-0.61,25.49,-0.46,-0.62,26.14,-0.79,25.62,0.07,28.27,-0.92,25.18,-0.85,25.89,-0.75,25.63,-0.16,27.93,13.9,-0.32,26.41,9.163333333333332,7.023333333333333,-0.98,-0.87,-0.97,-0.69,-0.14,-0.53,0.1,2.9333333333333336,-1.0999999999999999,89.32333333333334,7.5
2014-03-01,-0.05,-0.39,25.16,0.04,27.06,-0.02,28.18,2.3333333333333335,-11.28,3.533333333333333,2.0666666666666664,-0.31,26.17,-0.27,-0.28,27.0,-0.32,26.89,0.28,28.6,-0.79,25.81,-0.34,26.89,-0.05,27.11,0.05,28.28,0.43333333333333285,-0.14,27.03,8.223333333333334,6.25,-0.89,-0.09,-0.47,-0.33,0.05,-0.33,-1.2,2.9,-0.36666666666666664,89.24666666666667,4.166666666666667
2014-04-01,-0.17,-0.21,25.68,0.01,26.93,0.13,28.66,2.466666666666667,-13.42,2.3333333333333335,2.3333333333333335,-0.03,25.51,0.04,0.08,27.9,0.06,27.64,0.35,28.98,-0.35,25.38,0.18,27.99,0.17,27.74,0.32,28.83,2.1,0.15,27.73,4.943333333333333,6.016666666666667,-0.51,0.04,0.05,0.03,0.23,-0.05,1.05,4.4,0.5000000000000001,89.42666666666666,2.3000000000000003
2014-05-01,-0.17,-0.21,26.12,0.18,26.32,0.3,28.74,1.6333333333333335,-1.54,4.033333333333333,0.3000000000000001,1.06,25.48,0.21,0.32,28.25,0.38,27.64,0.53,29.45,0.57,25.18,0.45,28.33,0.59,27.8,0.48,29.27,12.866666666666667,0.31,28.04,-1.37,6.109999999999999,0.54,0.44,0.3,0.16,0.37,0.07,0.7,5.3999999999999995,1.6666666666666667,89.65333333333332,-1.1666666666666667
2014-06-01,0.0,-0.21,26.51,0.34,25.22,0.37,28.32,3.1333333333333333,-9.91,3.9,1.366666666666667,1.54,24.67,0.16,0.23,27.96,0.53,27.15,0.39,29.36,1.22,24.39,0.47,28.18,0.93,27.58,0.22,29.07,6.666666666666668,0.23,27.82,-8.073333333333334,3.2366666666666664,1.1,0.73,0.21,0.0,-0.09,-0.01,0.25,4.3999999999999995,1.6333333333333335,90.30000000000001,1.5666666666666667
2014-07-01,0.41,-0.23,26.96,0.0,23.72,0.19,27.61,2.8666666666666667,0.6,4.933333333333334,2.566666666666667,0.98,22.94,0.04,-0.06,27.23,0.31,26.12,0.14,29.04,1.36,23.19,-0.03,27.27,0.48,26.35,0.04,28.83,13.566666666666668,0.1,27.34,-10.950000000000001,1.09,1.29,0.36,-0.2,-0.21,-0.14,-0.13,-0.25,4.933333333333334,1.4000000000000001,89.8,-0.9666666666666667
2014-08-01,0.23,-0.12,27.61,-0.05,22.97,0.22,27.36,1.1666666666666667,2.1,5.533333333333334,2.2333333333333334,0.89,21.9,0.06,-0.03,26.82,0.18,25.3,0.25,29.04,1.02,21.88,-0.01,26.89,0.32,25.54,0.28,28.97,20.233333333333334,0.11,27.02,-12.606666666666667,1.02,0.87,0.16,-0.2,-0.19,0.12,-0.09,-0.95,4.666666666666667,1.4000000000000001,89.12666666666667,-4.966666666666666
2014-09-01,-0.1,0.04,28.19,0.07,23.0,0.19,27.38,2.4,-2.86,4.933333333333333,2.2666666666666666,0.8,21.52,0.23,0.29,27.01,0.37,25.27,0.39,29.16,0.74,21.32,0.31,27.07,0.34,25.35,0.53,29.21,18.366666666666667,0.28,27.0,-14.133333333333333,0.14333333333333334,0.61,0.19,0.16,0.14,0.41,0.08,-0.95,4.466666666666666,1.2333333333333332,89.3,-1.2333333333333334
2014-10-01,0.11,0.21,28.34,0.04,23.34,0.27,27.7,1.7333333333333334,0.69,4.3999999999999995,1.866666666666667,0.69,21.71,0.49,0.44,27.16,0.58,25.56,0.48,29.24,0.39,21.26,0.43,27.2,0.63,25.71,0.47,29.15,15.266666666666666,0.54,27.21,-14.889999999999999,-1.3,0.14,0.45,0.22,0.28,0.28,0.36,-0.8,4.233333333333333,0.7333333333333334,89.29,-0.16666666666666666
2014-11-01,0.37,0.03,27.63,-0.47,23.44,0.33,27.95,1.133333333333333,4.98,3.9333333333333336,0.7333333333333334,0.8,22.45,0.64,0.75,27.46,0.77,25.88,0.73,29.43,0.74,22.36,0.75,27.57,0.88,26.08,0.73,29.4,17.666666666666668,0.71,27.31,-15.016666666666666,-3.69,0.52,0.73,0.58,0.65,0.61,0.52,-1.2,3.366666666666667,1.8,89.63666666666667,-1.7333333333333334
2014-12-01,0.35,0.1,26.89,-0.42,24.25,0.3,27.9,2.5,2.2,2.566666666666667,3.5,0.41,23.22,0.66,0.71,27.31,0.68,25.91,0.76,29.3,-0.11,22.73,0.63,27.28,0.77,26.03,0.75,29.2,12.833333333333334,0.77,27.28,-16.52,-6.1433333333333335,-0.42,0.62,0.46,0.61,0.65,0.56,-0.75,2.733333333333334,1.8333333333333333,89.77666666666669,1.866666666666667
2015-01-01,0.23,0.03,26.03,0.21,25.81,0.25,27.83,1.4333333333333333,8.96,2.033333333333333,2.8000000000000003,-0.16,24.41,0.55,0.51,27.05,0.35,26.01,0.75,29.07,0.06,24.58,0.51,27.07,0.54,26.21,0.7,28.92,12.833333333333334,0.69,27.19,-17.826666666666668,-7.136666666666667,-0.17,0.38,0.34,0.42,0.62,0.45,-1.1,2.0333333333333337,0.20000000000000004,89.53333333333335,2.8000000000000003
2015-02-01,0.06,0.17,25.74,0.27,26.75,0.26,28.04,2.066666666666667,6.07,3.233333333333333,2.6,-0.53,25.57,0.47,0.42,27.17,0.05,26.46,0.87,29.07,-0.57,25.53,0.75,27.48,0.37,26.75,0.96,29.06,10.2,0.61,27.34,-19.493333333333336,-7.6499999999999995,-0.95,0.15,0.61,0.31,0.93,0.38,0.30000000000000004,5.066666666666666,-0.13333333333333333,89.15666666666665,7.699999999999999
2015-03-01,0.15,0.03,25.58,-0.01,27.02,0.19,28.39,2.3333333333333335,-18.82,3.3333333333333335,3.3333333333333335,0.09,26.57,0.53,0.47,27.75,0.1,27.3,0.9,29.22,0.13,26.73,0.44,27.68,0.12,27.29,0.94,29.17,-7.633333333333333,0.65,27.82,-19.433333333333334,-8.290000000000001,-0.05,-0.09,0.33,0.4,0.98,0.45,-0.95,3.1,-2.766666666666667,89.48,7.2
2015-04-01,0.31,-0.34,25.54,0.16,27.08,0.4,28.93,1.2666666666666666,-15.98,3.9,1.5,1.0,26.54,0.7,0.7,28.52,0.63,28.21,0.98,29.61,0.96,26.69,0.82,28.63,0.76,28.33,1.1,29.62,1.3000000000000007,0.81,28.38,-16.926666666666666,-10.36,0.78,0.59,0.7,0.64,1.08,0.61,-0.05,4.5,-0.23333333333333328,89.42666666666666,-1.0666666666666667
2015-05-01,0.95,-0.35,25.98,0.11,26.25,0.45,28.89,0.2000000000000001,-14.19,5.3999999999999995,0.5666666666666668,1.55,25.96,0.93,0.92,28.85,0.94,28.2,0.94,29.85,1.34,25.95,0.83,28.71,0.86,28.07,0.89,29.68,4.333333333333333,1.02,28.76,-7.98,-12.653333333333334,1.21,0.65,0.66,0.8,0.79,0.82,-0.95,4.533333333333333,-1.2333333333333334,89.63666666666667,-3.8000000000000003
2015-06-01,1.9,-0.44,26.28,0.02,24.91,0.48,28.43,1.4000000000000001,-26.82,4.666666666666667,2.1333333333333333,2.19,25.32,1.18,1.18,28.9,1.45,28.07,0.92,29.88,1.91,25.09,1.02,28.73,1.26,27.9,0.9,29.74,-0.9000000000000002,1.25,28.83,3.1366666666666667,-9.15,1.74,1.06,0.83,1.03,0.78,1.03,-0.75,3.9,0.09999999999999998,89.90333333333332,-0.6666666666666666
2015-07-01,1.79,-0.26,26.93,-0.13,23.59,0.56,27.98,-1.6666666666666667,-17.18,6.0,-0.3000000000000001,2.54,24.5,1.52,1.46,28.75,1.85,27.66,0.88,29.78,2.48,24.31,1.26,28.56,1.71,27.58,0.89,29.68,11.033333333333331,1.57,28.81,7.596666666666667,-3.6300000000000003,2.14,1.46,0.94,1.25,0.58,1.33,-1.5,4.233333333333333,-1.7333333333333334,89.83333333333333,-3.5666666666666664
2015-08-01,1.95,-0.06,27.67,-0.28,22.74,0.55,27.69,0.19999999999999982,-26.42,5.833333333333333,1.7,1.65,22.66,1.87,1.93,28.79,2.09,27.21,0.99,29.77,1.8,22.66,1.65,28.55,1.84,27.06,0.73,29.42,1.0333333333333339,1.91,28.82,10.020000000000001,1.54,1.39,1.56,1.3,1.72,0.34,1.64,-1.9,3.6999999999999997,-1.0,89.83666666666666,-2.566666666666667
2015-09-01,2.24,0.35,28.5,-0.18,22.76,0.64,27.83,0.5666666666666668,-27.69,5.7,0.8333333333333335,2.28,23.01,2.17,2.21,28.93,2.5,27.4,1.06,29.82,2.26,22.84,1.79,28.55,2.09,27.1,0.79,29.46,0.20000000000000026,2.21,28.93,10.363333333333333,5.03,1.71,1.7,1.35,1.95,0.25,1.93,-2.1500000000000004,3.6,-1.4333333333333333,90.02666666666666,-4.033333333333333
2015-10-01,2.15,0.48,28.62,-0.01,23.3,0.72,28.15,-2.3333333333333335,-29.91,6.533333333333334,-0.6000000000000001,2.12,23.14,2.43,2.36,29.08,2.62,27.6,1.08,29.84,2.2,23.07,2.21,28.98,2.38,27.46,0.95,29.63,1.099999999999999,2.47,29.14,10.950000000000001,6.863333333333333,1.66,2.07,1.85,2.12,0.41,2.18,-2.25,4.4,-1.4666666666666668,90.31333333333333,-5.6000000000000005
2015-11-01,1.93,0.25,27.85,0.23,24.13,0.91,28.52,0.06666666666666665,-30.81,3.533333333333333,0.7333333333333334,2.28,23.93,2.58,2.72,29.42,2.84,27.95,1.44,30.13,2.04,23.67,2.72,29.54,2.7,27.9,1.55,30.22,-0.6333333333333341,2.64,29.25,10.266666666666666,6.68,1.57,2.38,2.41,2.48,1.12,2.34,-0.65,3.6666666666666665,0.19999999999999998,90.38,-3.7000000000000006
2015-12-01,1.93,0.01,26.8,0.57,25.25,0.97,28.57,0.5000000000000001,-49.94,2.066666666666667,0.9666666666666668,2.21,25.02,2.65,2.66,29.26,2.84,28.07,1.37,29.91,2.1,24.94,2.39,29.03,2.57,27.84,1.4,29.84,-16.133333333333333,2.75,29.26,8.97,5.41,1.69,2.23,2.0,2.41,0.91,2.37,-0.75,2.2333333333333334,-0.10000000000000002,90.68333333333332,-0.8666666666666668
2016-01-01,1.93,0.15,26.15,0.71,26.32,1.04,28.62,-1.3666666666666665,-50.97,5.633333333333333,1.0999999999999999,1.79,26.36,2.5,2.57,29.11,2.59,28.25,1.22,29.54,1.21,25.72,2.47,29.04,2.49,28.16,1.26,29.49,-10.333333333333334,2.63,29.12,7.18,4.053333333333334,0.56,2.05,2.02,2.2,0.61,2.22,-2.9000000000000004,3.266666666666666,-0.13333333333333333,90.80666666666667,-1.4666666666666666
2016-02-01,1.8,0.15,25.71,0.63,27.12,0.81,28.6,2.0,-48.45,4.0,2.9333333333333336,1.3,27.4,2.15,2.26,29.01,1.97,28.38,1.22,29.41,1.01,27.1,2.23,28.97,1.93,28.31,1.37,29.47,-14.166666666666666,2.28,29.01,5.06,2.6933333333333334,0.4,1.58,1.92,2.06,0.91,1.84,-2.6,1.8999999999999997,0.8999999999999999,91.35666666666667,0.9666666666666668
2016-03-01,1.32,0.37,25.91,0.47,27.49,0.84,29.04,2.4,-28.66,3.633333333333333,2.0666666666666664,1.35,27.83,1.59,1.62,28.9,1.53,28.74,1.07,29.39,1.11,27.72,1.61,28.85,1.53,28.69,1.2,29.42,-4.666666666666666,1.71,28.88,2.29,1.4066666666666665,0.43,1.1,1.19,1.27,0.66,1.28,-0.1,4.566666666666667,1.0,91.23,1.6666666666666667
2016-04-01,1.32,0.29,26.17,0.29,27.2,0.65,29.18,2.1333333333333333,-17.02,4.166666666666667,1.8333333333333333,0.45,25.98,0.94,0.91,28.72,0.62,28.2,0.74,29.37,0.45,26.18,0.98,28.79,0.7,28.27,0.75,29.26,2.5333333333333328,1.05,28.62,0.43333333333333335,-2.21,-0.23,0.19,0.58,0.51,0.26,0.54,-1.6,2.6666666666666665,1.2333333333333334,91.01333333333334,-1.3666666666666665
2016-05-01,1.24,0.46,26.79,0.18,26.32,0.47,28.91,2.6999999999999997,-3.7,3.266666666666667,1.8333333333333333,0.49,24.9,0.39,0.3,28.23,-0.03,27.23,0.53,29.45,0.44,25.06,0.27,28.15,-0.03,27.18,0.56,29.35,12.5,0.49,28.22,2.223333333333333,-4.71,-0.11,-0.58,-0.25,-0.16,0.11,-0.06,0.55,4.433333333333334,2.466666666666667,90.56333333333333,-0.9333333333333332
2016-06-01,0.35,0.35,27.08,0.54,25.42,0.39,28.34,1.8,1.34,3.5999999999999996,1.7,0.64,23.77,-0.07,-0.03,27.69,-0.14,26.48,0.39,29.35,0.37,23.54,0.02,27.73,-0.02,26.62,0.41,29.26,15.333333333333334,0.0,27.59,4.303333333333333,-5.736666666666667,-0.11,-0.56,-0.53,-0.55,-0.08,-0.56,0.8500000000000001,4.966666666666667,1.2333333333333334,89.90333333333332,-0.7333333333333334
2016-07-01,-0.54,0.43,27.62,0.58,24.3,0.29,27.71,2.4,8.68,4.166666666666667,2.233333333333333,0.25,22.21,-0.36,-0.48,26.82,-0.61,25.19,0.15,29.05,0.39,22.22,-0.42,26.88,-0.47,25.41,0.15,28.94,19.900000000000002,-0.31,26.93,6.763333333333333,-4.843333333333333,-0.05,-0.99,-0.91,-0.97,-0.32,-0.86,0.55,5.2,1.6666666666666667,90.09666666666668,-0.9
2016-08-01,-0.26,0.5,28.23,0.53,23.55,0.26,27.4,3.3333333333333335,10.66,3.5,3.0,0.24,21.25,-0.54,-0.58,26.28,-0.53,24.59,-0.06,28.73,0.4,21.26,-0.49,26.41,-0.43,24.79,-0.01,28.69,24.766666666666666,-0.5,26.42,9.403333333333334,-1.4400000000000002,0.0,-0.9,-0.93,-1.05,-0.44,-1.0,0.95,5.166666666666667,1.4000000000000001,90.05,1.5
2016-09-01,-0.29,0.34,28.49,0.34,23.28,0.22,27.42,3.1333333333333333,11.3,2.9,2.5,0.57,21.29,-0.63,-0.58,26.14,-0.26,24.64,-0.25,28.51,0.59,21.17,-0.43,26.34,-0.1,24.91,-0.16,28.51,25.86666666666667,-0.58,26.14,9.26,1.0266666666666666,0.32,-0.47,-0.83,-0.98,-0.55,-1.07,1.6,5.833333333333333,2.533333333333333,89.81333333333333,0.8000000000000002
2016-10-01,-0.53,0.32,28.45,0.28,23.59,0.16,27.59,2.8333333333333335,14.06,3.233333333333334,1.866666666666667,0.34,21.36,-0.69,-0.74,25.98,-0.56,24.42,-0.44,28.32,0.48,21.35,-0.7,26.07,-0.48,24.61,-0.4,28.28,27.03333333333333,-0.64,26.02,10.566666666666665,3.58,0.21,-0.88,-1.13,-1.17,-0.82,-1.11,-0.35,3.6333333333333333,2.0,90.14999999999999,0.5666666666666667
2016-11-01,-0.47,0.46,28.05,0.29,24.19,0.12,27.73,2.8666666666666667,16.57,2.866666666666667,1.8333333333333333,0.12,21.78,-0.67,-0.76,25.94,-0.62,24.48,-0.46,28.24,0.26,21.88,-0.64,26.18,-0.51,24.69,-0.41,28.27,28.866666666666664,-0.6,26.01,11.216666666666667,5.1066666666666665,0.02,-0.87,-1.04,-1.17,-0.82,-1.08,-0.15000000000000002,3.6666666666666665,1.8,89.88666666666666,6.066666666666666
2016-12-01,-0.37,0.56,27.35,0.52,25.2,0.24,27.83,2.733333333333333,15.4,1.8,3.6666666666666665,0.43,23.24,-0.56,-0.5,26.1,-0.47,24.76,-0.19,28.35,0.42,23.26,-0.33,26.31,-0.28,24.98,-0.06,28.38,24.900000000000002,-0.45,26.06,11.536666666666667,6.1866666666666665,0.11,-0.7,-0.75,-0.9,-0.47,-0.99,0.4,3.5,1.3666666666666665,89.74333333333333,4.3
2017-01-01,-0.42,0.33,26.32,0.37,25.97,0.24,27.82,3.5,15.35,1.5666666666666667,2.4666666666666663,0.93,25.5,-0.34,-0.43,26.12,-0.08,25.58,-0.16,28.16,1.07,25.58,-0.26,26.3,-0.03,25.64,-0.07,28.15,21.7,-0.19,26.3,11.049999999999999,6.833333333333333,0.87,-0.41,-0.69,-0.89,-0.49,-0.74,0.25,3.3666666666666667,1.9000000000000001,89.68333333333334,6.566666666666666
2017-02-01,-0.41,0.28,25.85,0.02,26.51,0.27,28.06,3.8333333333333335,23.95,2.533333333333333,1.0,1.36,27.46,-0.16,-0.08,26.67,0.42,26.83,-0.09,28.11,1.14,27.24,0.1,26.83,0.53,26.91,-0.09,28.01,26.566666666666666,-0.02,26.71,10.62,6.953333333333333,1.0,0.31,-0.23,-0.43,-0.48,-0.54,-0.1,3.7999999999999994,1.9333333333333333,89.52,4.033333333333333
2017-03-01,-0.58,0.14,25.69,0.08,27.1,0.33,28.53,4.633333333333333,17.23,1.9000000000000001,2.6333333333333333,1.61,28.1,0.06,0.03,27.32,0.35,27.55,-0.03,28.29,1.83,28.43,0.21,27.44,0.5,27.66,-0.06,28.17,24.099999999999998,0.18,27.35,10.053333333333333,6.676666666666667,1.71,0.23,-0.15,-0.32,-0.5,-0.27,1.2,4.566666666666667,3.6666666666666665,89.54333333333334,6.366666666666666
2017-04-01,-0.19,0.24,26.13,0.28,27.2,0.36,28.89,2.3666666666666667,1.22,3.0999999999999996,1.5666666666666664,1.05,26.59,0.21,0.22,28.03,0.45,28.03,0.06,28.69,0.77,26.5,0.36,28.17,0.56,28.13,0.11,28.62,16.433333333333334,0.31,27.89,9.62,6.73,0.5,0.28,0.02,-0.07,-0.31,-0.09,-0.25,3.4333333333333336,1.4000000000000001,89.74333333333333,1.1333333333333335
2017-05-01,0.2,0.45,26.79,0.33,26.47,0.35,28.78,2.6,0.13,4.033333333333333,1.5,0.21,24.63,0.31,0.37,28.3,0.29,27.55,0.19,29.1,0.35,24.96,0.42,28.3,0.38,27.59,0.19,28.98,15.666666666666666,0.4,28.13,6.136666666666667,7.243333333333333,-0.01,0.04,0.09,0.13,-0.21,0.05,0.35,4.9,3.033333333333333,90.23333333333335,0.46666666666666656
2017-06-01,-0.23,0.55,27.27,0.37,25.26,0.27,28.22,1.8666666666666665,5.2,4.866666666666666,1.4333333333333333,-0.24,22.89,0.32,0.34,28.06,0.06,26.68,0.32,29.29,-0.03,23.15,0.39,28.1,0.07,26.71,0.44,29.28,20.966666666666665,0.39,27.97,-0.58,5.953333333333333,-0.3,-0.26,0.11,0.1,0.19,0.05,-0.55,4.3,1.9666666666666666,89.93666666666667,-0.9333333333333332
2017-07-01,-0.63,0.65,27.84,0.2,23.92,0.3,27.71,3.5,-5.39,4.266666666666667,1.9000000000000001,-0.32,21.64,0.14,0.25,27.54,0.04,25.84,0.26,29.16,-0.32,21.52,0.28,27.58,0.15,26.02,0.23,29.02,9.433333333333334,0.19,27.43,-4.846666666666667,4.353333333333333,-0.62,-0.2,-0.06,-0.06,-0.12,-0.17,1.05,5.866666666666667,2.9333333333333336,90.11333333333333,-0.7666666666666666
2017-08-01,-0.72,0.52,28.25,0.46,23.48,0.32,27.46,2.8333333333333335,1.74,4.1000000000000005,2.2333333333333334,-0.34,20.67,-0.11,-0.16,26.7,-0.25,24.87,0.08,28.87,-0.28,20.58,-0.06,26.85,0.02,25.23,0.09,28.78,19.26666666666667,-0.07,26.84,-7.59,2.9633333333333334,-0.61,-0.38,-0.44,-0.55,-0.3,-0.46,0.7,5.433333333333334,2.6333333333333333,89.92,-2.0333333333333337
2017-09-01,-0.73,0.28,28.42,0.33,23.26,0.15,27.34,2.9,9.9,4.166666666666667,2.433333333333333,-0.81,19.92,-0.38,-0.43,26.29,-0.72,24.18,-0.04,28.72,-0.71,19.87,-0.32,26.44,-0.51,24.5,-0.09,28.59,24.833333333333332,-0.34,26.38,-8.613333333333333,2.223333333333333,-0.99,-0.83,-0.62,-0.77,-0.37,-0.73,0.8,6.0,3.4,90.19333333333334,-2.0666666666666664
2017-10-01,-0.59,0.0,28.13,0.2,23.5,0.17,27.59,3.0,6.98,2.266666666666667,1.866666666666667,-0.81,20.21,-0.65,-0.56,26.15,-0.72,24.26,-0.2,28.56,-1.07,19.8,-0.37,26.4,-0.39,24.69,-0.13,28.56,23.46666666666667,-0.6,26.06,-9.983333333333333,1.5766666666666664,-1.29,-0.7,-0.66,-0.88,-0.4,-0.99,1.2,4.8,1.7666666666666666,90.06666666666666,4.1000000000000005
2017-11-01,-0.62,0.19,27.79,0.1,24.0,0.05,27.66,4.233333333333333,12.54,1.5,3.1,-1.2,20.46,-0.84,-0.97,25.74,-1.08,24.02,-0.4,28.3,-1.12,20.5,-0.91,25.91,-0.95,24.25,-0.35,28.32,25.63333333333333,-0.77,25.84,-10.543333333333333,0.9400000000000001,-1.36,-1.31,-1.26,-1.34,-0.67,-1.15,1.2,4.166666666666667,1.7333333333333334,89.73666666666668,6.3
2017-12-01,-0.74,0.48,27.27,-0.14,24.54,-0.11,27.48,3.533333333333333,16.99,2.3666666666666667,3.233333333333334,-1.42,21.39,-0.98,-0.98,25.62,-1.22,24.0,-0.52,28.02,-1.22,21.62,-0.93,25.72,-1.14,24.12,-0.39,28.06,20.2,-0.86,25.64,-11.503333333333332,0.19666666666666666,-1.4,-1.4,-1.14,-1.24,-0.56,-1.26,-0.15000000000000002,3.3000000000000003,0.9666666666666668,89.97333333333331,5.3999999999999995
2018-01-01,-0.79,0.27,26.26,0.11,25.72,-0.08,27.5,4.766666666666667,23.8,0.39999999999999997,3.5666666666666664,-1.12,23.44,-0.91,-0.98,25.57,-1.18,24.48,-0.44,27.88,-0.74,23.78,-0.7,25.87,-1.09,24.59,-0.2,28.02,30.033333333333335,-0.77,25.72,-12.496666666666664,-0.26333333333333336,-0.94,-1.37,-0.9,-1.21,-0.32,-1.12,1.4500000000000002,3.766666666666666,3.266666666666666,89.5,8.033333333333333
2018-02-01,-0.71,-0.07,25.49,-0.17,26.31,-0.07,27.72,2.466666666666667,2.8,2.466666666666667,3.366666666666667,-0.97,25.13,-0.85,-0.78,25.97,-0.9,25.5,-0.35,27.85,-0.49,25.61,-0.67,26.06,-0.79,25.59,-0.26,27.84,11.766666666666667,-0.71,26.02,-13.076666666666668,-0.8833333333333334,-0.56,-0.98,-0.8,-0.92,-0.31,-1.04,-0.65,2.9333333333333336,-1.5999999999999999,89.27333333333333,7.2
2018-03-01,-0.8,-0.02,25.52,-0.2,26.82,-0.05,28.15,5.533333333333334,13.06,0.6333333333333332,4.333333333333333,-1.35,25.13,-0.7,-0.8,26.48,-0.93,26.27,-0.22,28.1,-0.75,25.85,-0.73,26.5,-0.73,26.43,-0.18,28.04,18.099999999999998,-0.57,26.6,-13.62,-0.42333333333333334,-0.89,-0.96,-0.95,-1.0,-0.24,-0.88,1.95,4.266666666666667,-0.7666666666666666,89.49666666666667,10.5
2018-04-01,-1.32,-0.25,25.64,0.05,26.96,0.03,28.56,3.9000000000000004,20.87,2.9,2.9333333333333336,-1.03,24.51,-0.51,-0.51,27.31,-0.62,26.96,0.02,28.65,-0.84,24.89,-0.49,27.31,-0.49,27.08,0.05,28.56,25.433333333333334,-0.39,27.18,-14.866666666666667,-1.74,-1.03,-0.72,-0.77,-0.71,-0.04,-0.67,0.65,4.5,0.3333333333333333,89.04666666666668,6.033333333333332
2018-05-01,-0.94,-0.49,25.84,0.1,26.24,0.08,28.51,2.766666666666667,14.55,4.5,2.2666666666666666,-0.75,23.67,-0.22,-0.2,27.73,-0.33,26.92,0.16,29.07,-0.54,24.07,-0.11,27.77,-0.15,27.07,0.13,28.92,24.63333333333333,-0.13,27.61,-16.23,-5.513333333333333,-0.73,-0.27,-0.25,-0.29,0.06,-0.31,0.5,5.566666666666666,1.6666666666666667,89.50333333333334,2.3666666666666667
2018-06-01,-0.51,-0.69,26.03,0.25,25.14,0.08,28.02,0.8333333333333335,9.45,5.066666666666666,1.2,-0.72,22.4,-0.01,0.04,27.77,0.01,26.63,0.24,29.21,-0.69,22.48,0.15,27.86,0.18,26.82,0.24,29.08,25.633333333333336,0.06,27.64,-18.113333333333333,-8.823333333333332,-0.8,0.16,0.13,0.07,0.27,-0.04,-0.15000000000000002,5.066666666666666,1.5666666666666664,89.34000000000002,-2.866666666666667
2018-07-01,-0.05,-0.44,26.75,0.22,23.94,0.1,27.51,3.033333333333333,2.83,3.866666666666667,2.566666666666667,-0.4,21.56,0.08,0.12,27.42,0.11,25.92,0.23,29.13,-0.29,21.54,0.22,27.52,0.27,26.14,0.22,29.01,17.566666666666666,0.14,27.38,-17.763333333333332,-10.89,-0.34,0.23,0.17,0.09,0.19,0.05,0.30000000000000004,4.533333333333333,1.9000000000000001,89.83333333333333,2.3333333333333335
2018-08-01,0.47,-0.28,27.45,0.33,23.36,0.16,27.29,1.5,2.74,4.166666666666667,2.6333333333333333,-0.27,20.74,0.23,0.09,26.94,-0.06,25.06,0.45,29.24,-0.18,20.67,0.28,27.18,0.14,25.36,0.47,29.16,20.366666666666667,0.27,27.18,-11.746666666666668,-11.746666666666668,-0.23,0.02,0.17,0.0,0.39,0.16,-0.4,4.0,0.3666666666666667,89.47333333333334,-1.1666666666666667
2018-09-01,0.62,-0.01,28.14,0.23,23.17,0.26,27.45,1.1333333333333335,1.67,4.166666666666667,1.6666666666666667,-0.08,20.65,0.49,0.47,27.19,0.35,25.25,0.58,29.34,0.02,20.6,0.33,27.1,0.28,25.29,0.46,29.13,20.433333333333334,0.53,27.25,-4.886666666666667,-12.423333333333334,-0.1,0.09,0.15,0.39,0.29,0.4,-1.2,3.3000000000000003,-1.0333333333333334,89.68,-2.7999999999999994
2018-10-01,0.52,0.02,28.15,0.45,23.75,0.41,27.83,0.6999999999999998,3.21,3.8000000000000003,-0.5,0.16,21.18,0.76,0.9,27.62,0.75,25.73,0.95,29.71,0.27,21.15,0.86,27.63,0.76,25.85,0.88,29.56,20.5,0.81,27.47,-0.26999999999999996,-9.87,0.01,0.53,0.64,0.8,0.69,0.65,0.5,5.366666666666667,0.16666666666666666,89.67,-1.3333333333333333
2018-11-01,0.33,-0.08,27.51,0.3,24.2,0.45,28.06,1.8333333333333333,-4.24,3.466666666666667,1.6666666666666667,0.81,22.46,0.9,0.9,27.61,0.9,26.0,0.92,29.61,0.78,22.4,0.86,27.69,0.92,26.12,0.79,29.46,10.433333333333332,0.97,27.57,3.723333333333333,-6.846666666666667,0.52,0.72,0.65,0.77,0.61,0.77,-0.1,4.333333333333333,-0.26666666666666666,90.06666666666666,2.3333333333333335
2018-12-01,0.18,-0.34,26.45,0.29,24.97,0.49,28.08,3.433333333333333,-4.27,1.3,2.5666666666666664,1.05,23.86,0.81,0.89,27.49,0.92,26.14,0.91,29.45,0.84,23.67,0.9,27.54,0.94,26.21,0.97,29.41,9.133333333333333,0.92,27.43,6.653333333333333,-3.8000000000000003,0.63,0.72,0.67,0.74,0.82,0.67,1.35,4.266666666666667,0.39999999999999997,89.75999999999999,5.233333333333333
2019-01-01,0.09,-0.17,25.83,0.33,25.93,0.45,28.03,2.3666666666666667,-4.53,2.3333333333333335,2.6999999999999997,0.83,25.4,0.75,0.65,27.19,0.6,26.26,0.76,29.08,0.8,25.32,0.67,27.24,0.73,26.41,0.83,29.06,4.166666666666667,0.89,27.39,6.956666666666667,-2.3866666666666667,0.66,0.52,0.44,0.51,0.69,0.62,-0.05,3.766666666666666,-1.3333333333333333,89.81333333333333,7.066666666666667
2019-02-01,0.5,0.13,25.7,0.51,26.99,0.38,28.16,1.5333333333333334,-19.51,4.3999999999999995,2.1,0.52,26.62,0.72,0.71,27.46,0.59,26.99,0.71,28.91,0.67,26.77,0.71,27.44,0.71,27.09,0.85,28.94,-7.966666666666668,0.86,27.59,6.783333333333334,-1.5733333333333333,0.38,0.5,0.48,0.6,0.7,0.62,-1.8499999999999999,3.3333333333333335,-2.4,89.8,3.9
2019-03-01,0.76,-0.13,25.42,0.82,27.84,0.43,28.63,2.6333333333333333,-20.92,2.8666666666666667,3.1666666666666665,0.12,26.61,0.71,0.81,28.09,0.64,27.84,0.64,28.96,0.5,27.11,0.97,28.21,0.79,27.95,0.87,29.09,-0.6000000000000004,0.84,28.01,8.296666666666667,1.4333333333333333,0.02,0.55,0.79,0.74,0.66,0.6,-0.4,3.4,0.3,90.07333333333334,3.733333333333333
2019-04-01,0.3,-0.05,25.84,0.42,27.34,0.4,28.92,3.5,-11.1,3.5,2.433333333333333,0.3,25.83,0.66,0.62,28.44,0.55,28.13,0.52,29.15,0.47,26.2,0.72,28.53,0.64,28.21,0.61,29.13,3.5,0.77,28.34,9.26,3.566666666666667,0.14,0.36,0.49,0.46,0.34,0.52,0.15000000000000002,4.4,2.233333333333333,90.28666666666668,4.066666666666667
2019-05-01,0.23,-0.07,26.27,0.33,26.47,0.38,28.82,1.5666666666666667,-13.58,4.6000000000000005,1.5666666666666667,0.2,24.61,0.54,0.55,28.48,0.5,27.75,0.54,29.45,0.15,24.76,0.75,28.63,0.66,27.87,0.62,29.41,7.000000000000001,0.64,28.37,10.703333333333333,6.076666666666667,-0.19,0.36,0.49,0.36,0.36,0.34,-0.55,4.333333333333333,-1.4000000000000001,90.0,0.3
2019-06-01,0.35,0.17,26.89,0.23,25.12,0.36,28.3,3.4000000000000004,-10.28,5.166666666666667,2.966666666666667,-0.34,22.78,0.45,0.45,28.18,0.2,26.82,0.61,29.58,-0.03,23.15,0.6,28.31,0.42,27.07,0.69,29.53,11.066666666666668,0.52,28.1,11.590000000000002,7.056666666666666,-0.4,0.07,0.28,0.19,0.44,0.21,-0.6,4.566666666666666,2.1333333333333333,90.46666666666665,2.5
2019-07-01,0.3,0.16,27.35,0.2,23.92,0.28,27.7,1.5333333333333332,-2.63,5.233333333333333,2.1666666666666665,-0.69,21.27,0.28,0.35,27.64,-0.1,25.7,0.76,29.66,-0.59,21.24,0.42,27.72,0.06,25.93,0.73,29.51,16.8,0.33,27.57,10.030000000000001,5.920000000000001,-0.9,-0.29,0.11,0.09,0.48,0.03,-0.5,4.833333333333333,0.29999999999999993,89.83333333333333,-2.8333333333333335
2019-08-01,0.32,0.16,27.89,0.03,23.06,0.2,27.34,3.8666666666666667,-0.22,5.333333333333333,3.0,-0.76,20.24,0.14,0.04,26.9,-0.32,24.79,0.65,29.44,-0.47,20.39,0.15,27.05,-0.11,25.11,0.62,29.31,16.933333333333334,0.19,27.1,9.333333333333334,5.713333333333334,-0.77,-0.41,-0.12,-0.2,0.39,-0.1,-0.15000000000000002,5.533333333333334,0.6,90.06666666666666,-0.5666666666666668
2019-09-01,0.16,0.4,28.55,0.3,23.24,0.16,27.35,0.8999999999999998,4.99,6.3,1.5,-0.71,20.01,0.19,0.03,26.75,-0.27,24.63,0.58,29.34,-0.72,19.86,-0.01,26.75,-0.21,24.8,0.57,29.25,23.53333333333333,0.23,26.95,7.713333333333334,4.11,-1.08,-0.48,-0.26,-0.18,0.39,-0.03,-1.5499999999999998,5.033333333333334,-0.3666666666666667,90.11,-4.933333333333334
2019-10-01,0.31,0.35,28.48,0.26,23.56,0.31,27.73,1.8,3.5,4.2,1.2000000000000002,-0.74,20.27,0.35,0.48,27.2,0.16,25.14,0.75,29.51,-0.93,19.94,0.52,27.28,0.16,25.25,0.84,29.53,21.733333333333334,0.39,27.06,6.71,3.9133333333333336,-1.33,-0.2,0.21,0.29,0.61,0.12,-0.5,4.4,1.1333333333333333,89.35666666666667,-2.3666666666666667
2019-11-01,0.47,0.14,27.73,0.84,24.74,0.41,28.02,2.2333333333333334,4.85,3.733333333333333,2.0,-0.11,21.55,0.51,0.52,27.22,0.33,25.43,0.76,29.46,-0.13,21.49,0.46,27.28,0.37,25.57,0.73,29.4,14.633333333333333,0.58,27.18,4.91,3.026666666666667,-0.54,-0.04,0.08,0.24,0.42,0.23,-1.1,3.2999999999999994,-0.7666666666666666,89.96666666666665,2.466666666666667
2019-12-01,0.36,0.01,26.8,0.89,25.57,0.5,28.09,2.2666666666666666,0.43,3.4333333333333336,1.6333333333333335,-0.04,22.77,0.55,0.52,27.12,0.24,25.47,0.87,29.41,0.27,23.11,0.44,27.08,0.29,25.56,0.85,29.29,10.3,0.66,27.17,2.22,3.35,-0.19,-0.19,-0.02,0.17,0.5,0.2,-0.75,3.6,-0.9,90.25333333333333,1.866666666666667
2020-01-01,0.24,0.07,26.07,1.09,26.7,0.61,28.19,2.766666666666667,-12.41,2.733333333333333,3.4000000000000004,-0.37,24.2,0.5,0.6,27.15,0.22,25.88,0.85,29.17,-0.03,24.49,0.52,27.08,0.22,25.89,0.94,29.16,3.8333333333333335,0.64,27.14,-1.0433333333333332,1.2966666666666666,-0.58,-0.35,0.02,0.2,0.57,0.11,0.25,4.533333333333333,-1.6666666666666667,90.49333333333334,8.9
2020-02-01,0.26,0.23,25.79,0.75,27.23,0.55,28.34,2.8666666666666667,-16.23,2.8333333333333335,3.533333333333333,0.02,26.12,0.48,0.37,27.12,0.1,26.51,0.78,28.97,0.14,26.24,0.35,27.09,0.1,26.48,0.88,28.98,-2.2666666666666666,0.63,27.35,-1.8566666666666667,-0.7833333333333333,-0.29,-0.43,-0.11,-0.03,0.57,0.08,-0.1,4.1000000000000005,-1.2666666666666666,90.82666666666665,9.4
2020-03-01,0.13,0.42,25.96,0.67,27.69,0.54,28.74,4.8,3.0,3.533333333333333,4.166666666666667,-0.06,26.43,0.4,0.48,27.76,0.2,27.41,0.75,29.07,0.44,27.04,0.46,27.7,0.17,27.34,0.73,28.95,13.566666666666665,0.53,27.7,-2.9266666666666663,-1.8433333333333335,-0.1,-0.43,-0.05,0.07,0.3,-0.03,-0.15000000000000002,4.366666666666666,1.5,90.55333333333333,7.333333333333333
2020-04-01,-0.15,0.45,26.33,0.57,27.49,0.53,29.06,4.766666666666667,10.59,3.9,3.766666666666666,0.28,25.81,0.19,0.36,28.18,0.27,27.86,0.52,29.15,0.28,26.01,0.41,28.22,0.39,27.96,0.53,29.04,19.933333333333334,0.3,27.87,-3.5,-4.8533333333333335,-0.28,-0.15,-0.12,-0.11,0.03,-0.28,0.25,4.866666666666667,1.7000000000000002,90.15666666666665,5.8999999999999995
2020-05-01,-0.23,0.25,26.58,0.67,26.81,0.35,28.79,4.933333333333333,7.44,4.7,5.133333333333334,-0.14,24.28,-0.08,-0.27,27.66,-0.33,26.92,0.09,29.01,-0.28,24.33,-0.21,27.67,-0.13,27.08,0.04,28.83,22.0,0.01,27.75,-2.7933333333333334,-7.53,-0.66,-0.6,-0.74,-0.8,-0.46,-0.56,0.55,5.866666666666667,2.6999999999999997,90.72666666666665,5.3
2020-06-01,-0.68,0.59,27.32,0.43,25.32,0.3,28.24,3.0,13.57,4.3,4.333333333333333,-0.7,22.43,-0.3,-0.34,27.39,-0.69,25.93,0.12,29.09,-0.87,22.31,-0.27,27.44,-0.57,26.07,0.15,28.99,26.666666666666668,-0.23,27.35,-0.3033333333333333,-7.213333333333334,-1.22,-1.03,-0.72,-0.77,-0.26,-0.76,-0.5,3.8000000000000003,2.1333333333333333,90.05333333333333,0.7333333333333334
2020-07-01,-0.94,0.58,27.77,0.35,24.07,0.34,27.76,4.8,9.24,3.766666666666666,4.7,-1.28,20.68,-0.41,-0.3,26.99,-0.59,25.22,-0.01,28.89,-1.01,20.83,-0.14,27.15,-0.42,25.45,0.05,28.83,24.033333333333335,-0.36,26.88,2.6633333333333336,-5.05,-1.42,-0.91,-0.59,-0.7,-0.42,-0.81,0.55,4.833333333333333,3.1999999999999997,90.19666666666667,2.3333333333333335
2020-08-01,-0.96,0.42,28.15,0.49,23.52,0.24,27.38,3.6333333333333333,7.44,3.6,3.6666666666666665,-1.05,19.96,-0.57,-0.59,26.26,-0.61,24.5,-0.31,28.47,-0.69,20.17,-0.52,26.38,-0.43,24.79,-0.34,28.36,25.86666666666667,-0.53,26.38,5.733333333333334,-1.7733333333333334,-1.11,-0.86,-0.92,-0.97,-0.77,-0.93,1.4500000000000002,5.933333333333334,2.1999999999999997,90.51333333333334,-0.7999999999999999
2020-09-01,-1.15,0.39,28.54,0.22,23.16,0.08,27.28,5.433333333333334,8.75,3.466666666666667,4.7,-1.22,19.5,-0.89,-0.83,25.89,-0.99,23.91,-0.55,28.21,-0.76,19.82,-0.64,26.12,-0.8,24.21,-0.43,28.25,26.633333333333336,-0.85,25.87,7.506666666666667,2.4999999999999996,-1.02,-1.16,-0.98,-1.13,-0.77,-1.23,1.2,5.8999999999999995,3.1666666666666665,90.07666666666667,4.266666666666667
2020-10-01,-1.17,0.27,28.4,0.23,23.53,0.03,27.46,5.733333333333333,11.11,2.8333333333333335,5.666666666666667,-0.6,20.42,-1.17,-1.26,25.46,-1.1,23.88,-0.8,27.96,-0.76,20.12,-1.13,25.64,-0.9,24.19,-0.71,27.97,28.633333333333336,-1.12,25.54,9.16,5.296666666666667,-0.91,-1.25,-1.51,-1.58,-1.07,-1.47,0.65,4.6,2.5666666666666664,89.93333333333334,6.166666666666667
2020-11-01,-1.13,0.19,27.78,0.11,24.01,0.0,27.62,5.2,15.42,3.0666666666666664,3.266666666666667,-0.58,21.07,-1.28,-1.42,25.28,-1.21,23.9,-0.9,27.8,-0.67,20.95,-1.23,25.59,-1.03,24.17,-0.7,27.98,29.2,-1.2,25.4,9.126666666666667,5.803333333333334,-0.83,-1.35,-1.59,-1.7,-1.05,-1.54,0.9,5.3,3.5,90.06666666666666,4.166666666666667
2020-12-01,-1.14,0.36,27.15,-0.13,24.54,-0.05,27.54,6.333333333333333,19.3,1.5999999999999999,3.3333333333333335,-0.6,22.21,-1.19,-1.15,25.44,-0.82,24.41,-1.0,27.54,-0.86,21.98,-0.99,25.66,-0.7,24.56,-0.85,27.6,31.36666666666667,-1.08,25.43,8.263333333333334,5.9433333333333325,-1.03,-0.91,-1.25,-1.36,-1.18,-1.37,2.4,6.0,3.533333333333333,89.89,12.666666666666666
2021-01-01,-1.2,0.49,26.48,0.0,25.6,-0.14,27.45,6.300000000000001,20.73,1.1666666666666665,2.4666666666666663,-0.88,23.68,-1.05,-1.0,25.55,-0.62,25.04,-1.05,27.27,-0.74,23.78,-0.9,25.67,-0.51,25.16,-1.0,27.22,35.53333333333333,-0.91,25.59,7.77,5.116666666666666,-0.88,-0.63,-1.1,-1.06,-1.33,-1.18,2.55,6.066666666666666,4.566666666666667,89.77999999999999,16.633333333333333
2021-02-01,-0.96,0.23,25.8,-0.08,26.41,-0.09,27.7,5.733333333333333,11.18,0.5,5.466666666666668,-0.86,25.24,-0.93,-1.0,25.75,-0.73,25.68,-0.96,27.24,-0.58,25.51,-0.87,25.87,-0.71,25.67,-0.87,27.23,23.599999999999998,-0.79,25.94,6.553333333333334,4.3533333333333335,-0.69,-0.91,-1.08,-1.12,-1.15,-1.04,2.0,4.566666666666666,1.5333333333333334,89.50333333333334,12.866666666666667
2021-03-01,-0.79,0.14,25.69,-0.13,26.89,-0.03,28.17,4.4,11.17,2.5666666666666664,3.733333333333333,-0.75,25.74,-0.84,-0.8,26.48,-0.69,26.52,-0.65,27.67,-0.42,26.18,-0.55,26.69,-0.47,26.69,-0.41,27.81,27.96666666666667,-0.71,26.46,6.863333333333333,5.0600000000000005,-0.51,-0.69,-0.78,-0.94,-0.61,-0.98,0.5,4.266666666666667,3.1999999999999997,89.31333333333333,7.866666666666666
2021-04-01,-0.95,0.14,26.03,0.22,27.14,-0.05,28.48,4.933333333333333,-4.76,3.0999999999999996,4.533333333333333,-0.94,24.59,-0.66,-0.72,27.1,-0.79,26.79,-0.43,28.2,-1.13,24.6,-0.57,27.24,-0.76,26.81,-0.18,28.33,13.0,-0.55,27.03,3.6333333333333333,4.976666666666667,-1.25,-1.04,-0.83,-0.88,-0.3,-0.79,0.44999999999999996,4.4,0.6,89.23,9.433333333333332
2021-05-01,-1.07,0.01,26.35,0.63,26.78,0.04,28.47,6.033333333333334,3.37,3.6333333333333333,5.3,-0.79,23.63,-0.48,-0.46,27.47,-0.56,26.69,-0.21,28.71,-0.83,23.78,-0.32,27.56,-0.45,26.76,-0.06,28.73,15.9,-0.39,27.35,0.7966666666666667,5.626666666666666,-0.97,-0.65,-0.53,-0.56,-0.23,-0.61,0.65,4.9,2.8000000000000003,90.13333333333334,7.666666666666667
2021-06-01,-1.05,0.09,26.81,0.75,25.64,0.17,28.12,2.6666666666666665,8.91,4.5,3.8000000000000003,-0.37,22.75,-0.38,-0.28,27.45,-0.32,26.3,-0.14,28.83,-0.05,23.12,-0.04,27.67,-0.09,26.55,0.04,28.88,23.299999999999997,-0.3,27.28,-3.183333333333333,4.263333333333334,-0.18,-0.32,-0.27,-0.39,-0.2,-0.52,0.55,5.433333333333334,2.433333333333333,89.40666666666665,2.0
2021-07-01,-1.44,0.12,27.31,0.97,24.69,0.27,27.69,5.6000000000000005,0.33,3.4000000000000004,5.966666666666666,-0.21,21.75,-0.4,-0.39,26.9,-0.32,25.49,-0.23,28.67,0.25,22.08,-0.19,27.11,-0.1,25.77,-0.13,28.66,18.733333333333334,-0.35,26.89,-6.71,2.7433333333333336,0.05,-0.41,-0.5,-0.6,-0.46,-0.59,1.8499999999999999,6.166666666666667,3.033333333333333,90.03333333333332,7.3999999999999995
2021-08-01,-1.29,0.24,27.97,0.99,24.01,0.27,27.41,3.4,9.97,4.366666666666667,3.1666666666666665,-0.29,20.71,-0.49,-0.53,26.32,-0.45,24.66,-0.28,28.5,-0.01,20.84,-0.28,26.62,-0.2,25.02,-0.07,28.62,27.599999999999998,-0.45,26.46,-7.173333333333333,1.6300000000000001,-0.26,-0.51,-0.58,-0.78,-0.38,-0.72,0.8,5.933333333333334,2.6333333333333333,89.96666666666665,-0.5666666666666668
2021-09-01,-1.37,0.42,28.57,0.73,23.67,0.25,27.44,5.766666666666667,6.84,3.8666666666666667,5.233333333333333,-0.7,20.02,-0.68,-0.55,26.17,-0.43,24.47,-0.54,28.22,0.18,20.76,-0.27,26.49,-0.17,24.84,-0.42,28.25,25.799999999999997,-0.63,26.09,-9.499999999999998,1.7433333333333332,-0.03,-0.47,-0.57,-0.77,-0.76,-0.92,1.05,6.1000000000000005,4.366666666666666,89.93,5.533333333333332
2021-10-01,-1.46,0.15,28.29,0.76,24.06,0.17,27.59,4.366666666666666,12.94,2.533333333333333,3.4,-0.87,20.15,-0.81,-0.94,25.77,-0.78,24.2,-0.73,28.03,-0.29,20.58,-0.77,26.0,-0.56,24.53,-0.57,28.11,30.066666666666666,-0.76,25.9,-11.613333333333335,0.7733333333333333,-0.46,-0.89,-1.12,-1.21,-0.93,-1.06,0.95,4.7,2.5,90.2,1.7999999999999998
2021-11-01,-1.39,0.31,27.9,0.63,24.53,0.08,27.69,5.333333333333333,15.1,2.4000000000000004,3.9333333333333336,-1.12,20.53,-0.98,-0.94,25.76,-1.03,24.07,-0.68,28.02,-0.81,20.81,-0.85,25.97,-0.77,24.43,-0.68,27.99,30.599999999999998,-0.91,25.69,-12.333333333333334,-0.4066666666666667,-1.03,-1.07,-1.17,-1.21,-1.05,-1.23,1.3,5.1,4.466666666666667,90.01666666666665,6.866666666666667
2021-12-01,-1.2,0.26,27.05,0.2,24.88,-0.1,27.49,6.233333333333333,8.27,1.5999999999999999,5.366666666666667,-1.69,21.12,-0.98,-1.06,25.54,-1.27,23.96,-0.74,27.8,-1.53,21.31,-1.05,25.6,-1.21,24.06,-0.76,27.68,23.8,-0.87,25.63,-13.906666666666666,-2.313333333333333,-1.73,-1.46,-1.27,-1.28,-1.02,-1.24,2.0,5.3999999999999995,0.4666666666666666,90.05666666666666,16.5
2022-01-01,-1.01,0.35,26.34,0.44,26.04,0.01,27.59,3.1,16.48,2.033333333333333,4.133333333333333,-1.11,23.46,-0.96,-0.94,25.6,-1.31,24.35,-0.37,27.95,-0.7,23.82,-0.83,25.73,-1.17,24.5,-0.22,28.0,23.766666666666666,-0.82,25.67,-15.266666666666667,-4.373333333333334,-0.99,-1.64,-1.22,-1.23,-0.53,-1.22,0.65,4.433333333333334,0.7666666666666666,89.27,11.4
2022-02-01,-0.98,0.51,26.08,0.69,27.17,-0.07,27.71,6.3999999999999995,24.38,2.3666666666666667,6.233333333333333,-1.58,24.52,-0.94,-0.89,25.86,-1.14,25.26,-0.37,27.83,-1.43,24.66,-0.71,26.02,-1.06,25.32,-0.23,27.87,28.766666666666666,-0.79,25.94,-17.113333333333333,-4.8,-1.72,-1.44,-0.98,-1.13,-0.41,-1.22,1.4500000000000002,5.733333333333333,3.6333333333333333,89.38666666666666,12.333333333333334
2022-03-01,-1.31,0.1,25.64,0.43,27.45,-0.06,28.14,6.233333333333333,22.67,1.9666666666666668,4.266666666666667,-0.76,25.73,-0.99,-0.97,26.31,-0.73,26.47,-0.69,27.63,-0.66,25.95,-0.89,26.34,-0.7,26.46,-0.65,27.58,31.466666666666665,-0.86,26.31,-18.176666666666666,-3.9933333333333336,-0.72,-1.0,-1.26,-1.29,-0.97,-1.28,2.35,6.2,3.6,89.56,11.233333333333334
2022-04-01,-1.6,0.01,25.89,0.32,27.23,-0.07,28.46,5.333333333333333,18.55,1.9333333333333333,3.3666666666666667,-1.4,24.14,-1.07,-1.11,26.7,-0.92,26.66,-0.83,27.8,-1.42,24.31,-0.95,26.85,-0.89,26.68,-0.72,27.79,29.366666666666664,-0.95,26.62,-18.19,-6.056666666666666,-1.43,-1.18,-1.37,-1.43,-1.11,-1.34,2.25,5.666666666666667,3.033333333333333,89.59333333333335,9.066666666666666
2022-05-01,-1.63,0.31,26.65,0.14,26.29,-0.11,28.32,4.933333333333333,15.33,2.766666666666667,4.1000000000000005,-1.66,22.76,-0.99,-1.11,26.82,-1.05,26.2,-0.8,28.12,-1.42,23.2,-1.05,26.83,-0.92,26.3,-0.86,27.93,30.200000000000003,-0.9,26.84,-13.086666666666666,-9.903333333333334,-1.27,-1.05,-1.3,-1.31,-1.14,-1.22,1.9,5.766666666666667,3.033333333333333,89.73666666666666,7.733333333333333
2022-06-01,-1.9,0.39,27.11,0.48,25.36,0.0,27.94,3.466666666666667,9.42,3.133333333333333,2.6333333333333333,-1.49,21.63,-0.85,-0.75,26.98,-0.81,25.81,-0.7,28.27,-1.41,21.77,-0.68,27.03,-0.62,26.02,-0.57,28.27,25.633333333333336,-0.78,26.8,-0.9966666666666666,-9.813333333333334,-1.48,-0.82,-0.88,-0.93,-0.87,-0.99,2.25,6.3,3.3333333333333335,88.96,3.466666666666667
2022-07-01,-2.17,0.25,27.44,0.16,23.88,-0.1,27.32,6.233333333333333,6.69,4.166666666666667,5.3,-1.2,20.76,-0.81,-0.69,26.6,-0.53,25.28,-0.98,27.92,-1.16,20.67,-0.62,26.68,-0.36,25.51,-0.88,27.9,23.900000000000002,-0.76,26.48,4.536666666666666,-7.926666666666667,-1.06,-0.42,-0.68,-0.72,-1.06,-0.91,1.05,5.866666666666667,4.8,90.18,8.133333333333333
2022-08-01,-1.75,0.36,28.09,0.24,23.26,-0.05,27.09,5.3999999999999995,11.66,3.2999999999999994,4.333333333333333,-0.6,20.41,-0.91,-0.97,25.88,-0.67,24.44,-1.09,27.7,-0.57,20.29,-0.98,25.92,-0.53,24.69,-0.93,27.76,29.933333333333334,-0.87,26.04,7.876666666666668,-3.766666666666667,-0.59,-0.64,-1.09,-1.07,-1.09,-1.01,1.35,5.533333333333334,3.6,89.65333333333332,1.2
2022-09-01,-1.73,0.41,28.56,0.3,23.23,-0.08,27.11,4.633333333333334,11.05,3.2000000000000006,4.2,-1.02,19.71,-1.01,-1.07,25.65,-0.96,23.94,-1.17,27.59,-1.12,19.46,-0.93,25.83,-0.8,24.21,-1.01,27.67,30.63333333333333,-0.97,25.75,8.790000000000001,0.5066666666666667,-1.16,-0.94,-1.07,-1.23,-1.2,-1.14,2.1500000000000004,6.866666666666666,3.5,89.71333333333332,-0.6666666666666666
2022-10-01,-1.72,0.25,28.38,0.44,23.74,-0.15,27.27,6.133333333333334,12.15,2.166666666666667,4.5,-1.78,19.23,-0.98,-0.99,25.73,-1.11,23.88,-1.12,27.64,-1.81,19.06,-0.85,25.92,-0.92,24.17,-1.08,27.6,30.333333333333332,-0.94,25.72,9.25,4.006666666666667,-1.83,-1.07,-0.98,-1.11,-1.3,-1.12,2.25,6.033333333333334,3.6333333333333333,89.65333333333332,5.933333333333334
2022-11-01,-1.53,-0.11,27.48,0.46,24.37,-0.13,27.48,5.033333333333333,12.28,2.6666666666666665,3.5,-1.13,20.52,-0.91,-0.9,25.8,-0.94,24.16,-0.99,27.71,-1.36,20.27,-0.93,25.89,-0.89,24.31,-0.9,27.77,29.899999999999995,-0.85,25.76,10.03,5.640000000000001,-1.53,-1.07,-1.12,-1.01,-1.18,-1.05,0.4,4.233333333333333,2.6999999999999997,89.38999999999999,6.433333333333334
2022-12-01,-1.27,-0.01,26.78,0.48,25.16,-0.09,27.5,6.466666666666668,13.08,0.7333333333333331,6.133333333333334,-0.46,22.35,-0.82,-0.85,25.75,-0.82,24.41,-0.84,27.7,-0.3,22.54,-0.84,25.81,-0.78,24.48,-0.73,27.71,30.400000000000002,-0.71,25.79,9.183333333333334,5.773333333333333,-0.45,-1.01,-1.07,-1.02,-1.03,-0.97,2.8,5.7,3.466666666666667,89.09666666666668,12.6
2023-01-01,-1.11,-0.1,25.9,0.71,26.32,0.0,27.58,5.8,20.28,1.5666666666666667,5.166666666666667,-0.56,24.0,-0.68,-0.72,25.83,-0.56,25.1,-0.66,27.66,-0.24,24.27,-0.69,25.88,-0.5,25.17,-0.6,27.62,31.2,-0.54,25.96,9.373333333333333,5.683333333333334,-0.51,-0.74,-0.96,-0.87,-0.94,-0.83,1.8499999999999999,5.466666666666666,3.266666666666666,89.13666666666667,8.033333333333333
2023-02-01,-0.91,0.14,25.71,0.36,26.85,-0.02,27.77,6.0,12.84,0.7999999999999999,4.966666666666666,0.48,26.58,-0.43,-0.46,26.29,-0.1,26.31,-0.55,27.65,0.71,26.8,-0.44,26.29,-0.13,26.25,-0.52,27.58,26.766666666666666,-0.29,26.44,7.163333333333334,4.886666666666667,0.62,-0.28,-0.66,-0.61,-0.8,-0.62,1.8499999999999999,4.666666666666667,2.033333333333333,89.62,15.0
2023-03-01,-0.76,0.43,25.98,0.23,27.25,0.2,28.4,4.1000000000000005,19.71,2.8666666666666667,2.9,1.49,27.98,-0.14,-0.11,27.17,0.3,27.5,-0.25,28.07,1.52,28.12,-0.01,27.23,0.36,27.52,-0.14,28.09,27.266666666666666,-0.02,27.15,7.68,5.183333333333334,1.45,0.13,-0.35,-0.39,-0.52,-0.44,0.25,4.266666666666667,1.1,89.52999999999999,7.099999999999999
2023-04-01,-0.36,0.54,26.42,0.28,27.2,0.5,29.03,3.433333333333333,3.09,2.533333333333333,2.6666666666666665,2.62,28.16,0.16,0.14,27.96,0.47,28.05,0.13,28.75,2.45,28.18,0.19,27.99,0.44,28.02,0.3,28.81,19.233333333333334,0.27,27.85,8.933333333333334,7.0,2.2,-0.04,-0.39,-0.32,-0.23,-0.21,0.30000000000000004,3.6333333333333333,1.4000000000000001,89.71,6.566666666666666
2023-05-01,-0.06,0.83,27.17,0.61,26.76,0.55,28.99,3.4,-7.23,5.3999999999999995,3.433333333333333,2.22,26.64,0.48,0.46,28.39,0.84,28.09,0.3,29.22,2.02,26.63,0.47,28.35,0.9,28.11,0.33,29.12,12.366666666666667,0.57,28.31,7.006666666666667,7.8133333333333335,1.72,0.44,-0.05,0.08,-0.25,0.07,-1.35,3.9333333333333336,0.29999999999999993,90.63000000000001,6.333333333333333
2023-06-01,0.43,1.32,28.04,0.34,25.23,0.59,28.53,2.9000000000000004,-3.2,4.2,3.2999999999999994,2.5,25.63,0.77,0.84,28.57,1.26,27.88,0.58,29.55,2.63,25.81,0.88,28.59,1.21,27.85,0.64,29.48,11.733333333333334,0.84,28.42,2.1266666666666665,7.816666666666666,2.32,0.78,0.43,0.46,0.16,0.37,0.35,4.866666666666666,1.9000000000000001,90.56333333333333,-0.7999999999999999
2023-07-01,0.51,1.31,28.5,0.26,23.98,0.68,28.1,3.3666666666666667,-10.81,5.133333333333334,4.966666666666667,2.98,24.94,1.07,1.02,28.32,1.6,27.41,0.7,29.6,3.21,25.05,1.07,28.37,1.59,27.47,0.71,29.5,7.666666666666667,1.12,28.36,-1.71,4.98,2.77,1.14,0.54,0.56,0.16,0.62,-0.35,4.933333333333334,1.4000000000000001,91.15666666666665,2.033333333333333
2023-08-01,0.51,1.27,29.0,0.37,23.39,0.83,27.97,1.6333333333333335,-8.06,6.133333333333333,2.733333333333333,3.29,24.3,1.32,1.35,28.2,2.0,27.12,0.93,29.72,3.3,24.16,1.3,28.2,1.96,27.17,0.95,29.65,13.5,1.37,28.28,-4.44,3.026666666666667,2.71,1.38,0.63,0.84,0.29,0.85,-1.1,5.066666666666667,0.6666666666666666,90.81,-3.1333333333333333
2023-09-01,0.69,1.34,29.48,0.3,23.23,0.87,28.07,2.0,-12.57,5.3999999999999995,3.266666666666667,2.42,23.14,1.55,1.6,28.32,2.1,27.01,1.12,29.88,2.82,23.4,1.53,28.29,2.07,27.08,1.1,29.77,9.299999999999999,1.6,28.32,-7.433333333333334,1.6733333333333336,2.27,1.51,0.91,1.15,0.45,1.1,-1.7000000000000002,4.0,1.1666666666666667,90.80333333333334,0.6666666666666666
2023-10-01,0.48,1.05,29.18,0.05,23.35,0.82,28.25,0.7666666666666666,-8.33,5.633333333333333,0.6666666666666666,2.32,23.34,1.78,1.72,28.44,2.15,27.13,1.23,29.99,2.46,23.34,1.59,28.36,2.0,27.09,1.24,29.93,11.333333333333334,1.83,28.49,-10.116666666666667,1.4933333333333332,1.92,1.53,1.05,1.31,0.69,1.35,-0.65,5.666666666666667,-0.5666666666666668,90.96,-2.5333333333333337
2023-11-01,0.91,0.87,28.46,0.69,24.59,0.95,28.56,0.06666666666666665,-16.36,4.233333333333333,1.0666666666666667,2.07,23.73,1.92,2.02,28.72,2.1,27.2,1.51,30.21,2.22,23.85,1.9,28.72,2.08,27.28,1.44,30.12,2.9333333333333336,1.99,28.6,-12.346666666666666,-0.23,1.64,1.52,1.33,1.59,0.87,1.49,-1.05,3.866666666666667,-0.7000000000000001,91.09333333333335,-3.133333333333333
2023-12-01,1.13,0.97,27.76,1.24,25.92,1.02,28.62,0.9000000000000002,-21.78,3.0666666666666664,0.9666666666666668,1.61,24.42,1.95,2.03,28.62,2.02,27.24,1.5,30.04,1.41,24.25,1.99,28.64,2.06,27.33,1.39,29.84,-1.5999999999999999,2.06,28.57,-14.676666666666668,-4.87,0.68,1.48,1.38,1.57,0.73,1.45,-0.30000000000000004,3.766666666666667,0.3,91.27999999999999,-1.3
2024-01-01,0.7,1.1,27.09,1.19,26.79,1.08,28.67,3.033333333333333,-3.56,1.7666666666666666,2.4666666666666663,1.29,25.86,1.78,1.81,28.35,1.85,27.51,1.54,29.86,0.83,25.35,1.78,28.34,1.87,27.55,1.45,29.67,11.200000000000001,1.92,28.42,-16.34,-6.533333333333334,-0.02,1.15,1.03,1.19,0.7,1.2,0.65,4.033333333333333,1.7333333333333334,91.7,0.23333333333333361
2024-02-01,0.68,1.34,26.91,1.24,27.72,1.02,28.8,2.233333333333333,-14.95,3.5999999999999996,1.8333333333333333,1.12,27.22,1.48,1.52,28.27,1.52,27.92,1.26,29.46,0.92,27.02,1.53,28.26,1.47,27.85,1.22,29.32,0.33333333333333376,1.62,28.35,-17.356666666666666,-7.94,0.16,0.78,0.84,0.83,0.5,0.85,-1.8499999999999999,2.566666666666667,0.8999999999999999,91.58666666666666,-2.5000000000000004
2024-03-01,0.78,1.54,27.09,1.41,28.43,0.87,29.06,3.1999999999999997,-1.05,2.766666666666667,2.6333333333333333,0.25,26.74,1.14,1.13,28.41,0.83,28.03,0.99,29.31,0.28,26.88,1.24,28.47,1.03,28.2,0.93,29.15,16.033333333333335,1.26,28.43,-19.716666666666665,-8.19,-0.49,0.31,0.58,0.53,0.2,0.49,0.5,4.466666666666666,2.6333333333333333,91.71000000000002,4.8999999999999995
2024-04-01,0.34,1.54,27.42,1.31,28.22,0.86,29.39,2.6333333333333333,0.92,3.4,3.6,-0.21,25.33,0.71,0.77,28.59,0.5,28.08,0.92,29.55,0.08,25.81,0.81,28.61,0.62,28.19,0.81,29.32,15.933333333333332,0.82,28.39,-16.26,-11.126666666666667,-0.64,-0.16,0.08,0.1,0.06,0.05,-0.25,3.733333333333333,3.1666666666666665,91.79333333333334,1.2666666666666666
2024-05-01,0.12,1.49,27.82,0.98,27.12,0.66,29.1,4.433333333333334,8.58,3.933333333333333,4.7,-1.16,23.25,0.39,0.23,28.16,-0.19,27.06,0.79,29.7,-0.68,23.93,0.31,28.19,-0.03,27.19,0.7,29.49,21.8,0.49,28.22,-3.9433333333333334,-10.443333333333333,-1.45,-0.8,-0.42,-0.47,0.09,-0.26,0.65,5.2,2.066666666666667,91.91666666666667,2.8000000000000003
2024-06-01,-0.24,1.47,28.19,0.56,25.45,0.55,28.5,2.5,7.51,5.066666666666666,3.5666666666666664,-0.95,22.18,0.15,0.17,27.9,-0.27,26.35,0.71,29.68,-0.65,22.52,0.24,27.95,-0.14,26.51,0.65,29.49,20.5,0.22,27.8,2.98,-8.36,-1.31,-0.84,-0.4,-0.41,0.08,-0.46,0.05,5.333333333333333,2.3666666666666667,90.83,-0.6666666666666666
2024-07-01,-0.72,1.2,28.39,0.27,23.99,0.52,27.94,4.466666666666667,-1.77,5.133333333333334,5.533333333333334,-0.78,21.18,0.03,0.04,27.34,-0.14,25.66,0.51,29.41,-0.41,21.42,0.21,27.51,-0.08,25.79,0.6,29.39,13.233333333333334,0.08,27.33,7.22,-4.266666666666667,-0.98,-0.7,-0.41,-0.49,-0.04,-0.51,-0.95,4.133333333333334,2.533333333333333,91.17333333333333,2.6999999999999997
2024-08-01,-0.73,1.09,28.82,0.27,23.3,0.43,27.57,4.2,7.13,4.466666666666667,4.666666666666667,-0.42,20.58,-0.11,-0.12,26.73,-0.29,24.83,0.41,29.19,-0.34,20.52,-0.07,26.83,-0.25,24.97,0.48,29.17,22.7,-0.07,26.85,8.39,0.16333333333333333,-0.73,-0.78,-0.58,-0.63,-0.03,-0.64,1.2,6.5,3.1,90.81,-4.233333333333333
2024-09-01,-0.65,1.12,29.26,0.39,23.32,0.52,27.71,4.166666666666667,6.62,3.766666666666667,3.7000000000000006,-0.75,19.98,-0.22,-0.26,26.45,-0.2,24.71,0.15,28.91,-0.68,19.91,-0.15,26.61,-0.16,24.85,0.3,28.98,22.933333333333334,-0.17,26.55,9.176666666666668,4.386666666666667,-0.89,-0.62,-0.78,-0.79,-0.35,-0.76,-0.15000000000000002,4.366666666666666,2.0333333333333337,91.15333333333332,1.2666666666666666
2024-10-01,-0.51,1.02,29.15,0.42,23.73,0.46,27.88,4.366666666666666,8.95,3.433333333333333,3.8000000000000003,-0.32,20.7,-0.26,-0.27,26.44,-0.16,24.82,0.12,28.88,-0.32,20.55,-0.28,26.49,-0.05,25.04,0.15,28.83,25.799999999999997,-0.21,26.46,9.74,7.146666666666667,-0.9,-0.69,-0.95,-0.86,-0.49,-0.82,0.65,5.2,2.3333333333333335,90.64333333333333,3.8666666666666667
2024-11-01,-0.68,0.87,28.47,0.32,24.22,0.43,28.04,3.033333333333333,18.26,3.366666666666667,1.6666666666666667,0.06,21.72,-0.37,-0.25,26.45,-0.16,24.94,0.12,28.82,0.26,21.88,-0.14,26.68,-0.03,25.17,0.14,28.81,27.700000000000003,-0.3,26.3,10.953333333333333,8.709999999999999,-0.16,-0.56,-0.69,-0.81,-0.43,-0.94,0.65,5.2,3.266666666666667,90.69666666666666,0.5666666666666668
2024-12-01,-0.91,0.61,27.4,0.43,25.11,0.19,27.78,6.333333333333333,12.69,1.3999999999999997,5.1000000000000005,-0.03,22.78,-0.53,-0.6,26.0,-0.39,24.83,-0.28,28.26,-0.1,22.74,-0.62,26.03,-0.35,24.91,-0.37,28.07,24.53333333333333,-0.42,26.09,9.88,8.323333333333332,-0.44,-0.75,-1.06,-1.14,-0.87,-1.08,1.5499999999999998,4.633333333333334,4.333333333333333,91.76,12.433333333333332
2025-01-01,-1.0,0.88,26.87,0.37,25.98,0.21,27.79,5.266666666666667,19.53,2.533333333333333,4.3999999999999995,-0.33,24.24,-0.59,-0.74,25.8,-0.3,25.36,-0.55,27.77,-0.2,24.32,-0.71,25.86,-0.18,25.49,-0.63,27.59,30.099999999999998,-0.45,26.05,9.1,7.416666666666667,-0.69,-0.64,-1.29,-1.29,-1.31,-1.13,0.25,4.333333333333333,4.0,90.47666666666667,5.833333333333333
2025-02-01,-0.83,0.6,26.17,0.54,27.02,0.28,28.07,4.966666666666667,25.8,2.2666666666666666,1.9999999999999998,0.58,26.68,-0.39,-0.43,26.32,0.02,26.42,-0.52,27.67,0.69,26.78,-0.35,26.38,0.11,26.49,-0.58,27.52,32.9,-0.24,26.48,7.683333333333334,7.346666666666667,0.32,-0.38,-0.91,-0.98,-1.24,-0.9,0.7,4.566666666666666,3.4,90.44666666666667,11.399999999999999
2025-03-01,-0.68,0.34,25.89,0.29,27.31,0.31,28.51,3.766666666666666,16.72,1.9666666666666668,1.1333333333333333,0.99,27.48,-0.19,0.01,27.29,0.45,27.65,-0.34,27.98,1.15,27.75,0.1,27.34,0.51,27.67,-0.36,27.86,30.900000000000002,-0.06,27.11,8.296666666666667,7.896666666666667,0.94,0.17,-0.34,-0.44,-0.98,-0.67,2.25,6.1000000000000005,5.433333333333334,90.47000000000001,5.933333333333334
2025-04-01,-0.38,0.11,25.99,0.23,27.15,0.21,28.74,3.566666666666667,4.4,2.433333333333333,2.8333333333333335,0.42,25.95,-0.09,-0.14,27.68,0.05,27.63,-0.17,28.46,0.63,26.36,-0.16,27.65,-0.03,27.54,-0.17,28.34,18.633333333333333,0.02,27.6,4.803333333333334,7.833333333333333,0.36,-0.36,-0.59,-0.59,-0.65,-0.52,0.7,4.033333333333333,3.3333333333333335,90.46999999999998,2.966666666666667
2025-05-01,-0.36,0.19,26.53,0.25,26.39,0.27,28.71,4.366666666666666,3.95,3.733333333333334,4.2,-0.06,24.35,-0.11,-0.13,27.8,-0.13,27.12,0.04,28.96,0.16,24.78,-0.04,27.84,-0.18,27.03,0.01,28.8,19.133333333333333,-0.02,27.72,-2.603333333333333,6.603333333333333,-0.18,-0.59,-0.43,-0.54,-0.43,-0.49,0.55,4.9,3.1,90.43,2.6666666666666665
2025-06-01,-1.17,0.13,26.85,0.13,25.02,0.28,28.23,3.466666666666667,6.48,5.166666666666667,3.9000000000000004,0.09,23.22,-0.11,-0.07,27.66,-0.08,26.54,0.17,29.14,0.61,23.79,0.04,27.75,-0.01,26.63,0.23,29.07,20.2,-0.04,27.54,-7.8933333333333335,1.7566666666666666,0.3,-0.35,-0.28,-0.33,-0.06,-0.43,0.4,5.933333333333334,2.3000000000000003,90.30000000000001,3.033333333333333
2025-07-01,-1.22,0.48,27.67,0.1,23.82,0.3,27.72,5.2,1.9,3.966666666666667,4.433333333333333,0.25,22.21,-0.19,-0.14,27.15,-0.02,25.79,0.03,28.92,0.46,22.29,-0.06,27.24,0.04,25.92,0.05,28.84,16.8,-0.14,27.1,-11.443333333333333,-0.7333333333333334,0.26,-0.26,-0.39,-0.41,-0.3,-0.47,0.8,5.3,2.9333333333333336,90.52666666666666,3.2999999999999994
2025-08-01,-0.87,0.49,28.22,0.2,23.23,0.23,27.37,4.133333333333334,10.3,4.866666666666667,2.566666666666667,0.06,21.06,-0.33,-0.36,26.49,-0.25,24.87,-0.15,28.63,0.23,21.09,-0.33,26.58,-0.24,24.97,-0.06,28.63,25.599999999999998,-0.28,26.63,-13.043333333333335,-2.6199999999999997,-0.09,-0.58,-0.66,-0.69,-0.4,-0.63,0.55,6.033333333333334,2.9333333333333336,90.0,-0.13333333333333336
2025-09-01,-1.12,0.5,28.64,0.22,23.16,0.17,27.37,3.766666666666666,10.64,4.633333333333334,2.0,-0.44,20.29,-0.44,-0.47,26.25,-0.5,24.4,-0.27,28.49,-0.18,20.4,-0.44,26.32,-0.41,24.6,-0.27,28.41,26.833333333333332,-0.4,26.32,-14.843333333333334,-3.32,-0.47,-0.76,-0.79,-0.81,-0.61,-0.77,0.05,5.533333333333334,3.0,90.11,1.1666666666666667
2025-10-01,-1.19,0.41,28.54,0.15,23.45,0.13,27.56,4.033333333333333,10.19,3.3333333333333335,0.7666666666666667,-0.35,20.67,-0.56,-0.5,26.22,-0.41,24.57,-0.41,28.36,-0.04,20.83,-0.48,26.29,-0.35,24.74,-0.33,28.36,25.933333333333334,-0.51,26.16,-15.436666666666667,-4.513333333333334,-0.27,-0.66,-0.82,-0.81,-0.67,-0.87,1.5,6.233333333333333,3.6333333333333333,89.88333333333334,2.9333333333333336
2025-11-01,-1.06,0.39,27.98,0.02,23.93,-0.04,27.57,5.266666666666667,5.85,1.8999999999999997,2.5,-0.46,21.19,-0.62,-0.7,26.01,-0.63,24.47,-0.52,28.17,-0.34,21.28,-0.68,26.14,-0.6,24.6,-0.52,28.15,20.966666666666665,-0.55,26.05,-16.19666666666667,-5.6066666666666665,-0.5,-0.85,-0.96,-0.99,-0.82,-0.93,1.4500000000000002,4.833333333333333,1.5666666666666664,90.31333333333333,10.4
2025-12-01,-0.77,0.2,26.99,0.14,24.82,0.03,27.62,3.0666666666666664,15.34,2.0,1.4666666666666666,-0.62,22.19,-0.65,-0.67,25.93,-0.8,24.43,-0.33,28.21,-0.43,22.41,-0.61,26.03,-0.7,24.56,-0.23,28.22,24.53333333333333,-0.54,25.97,-17.610000000000003,-5.96,-0.73,-1.01,-0.92,-0.99,-0.53,-0.97,0.0,3.1,2.4,90.22333333333334,8.033333333333333
2026-01-01,-0.76,0.31,26.31,0.42,26.02,0.07,27.65,,5.89,,,-0.29,24.28,-0.51,-0.58,25.96,-0.64,25.02,-0.08,28.24,-0.29,24.23,-0.54,26.02,-0.5,25.17,-0.04,28.19,,-0.37,26.13,,,-0.54,-0.9,-0.98,-0.93,-0.37,-0.88,,,,,
2026-02-01,-0.95,0.4,25.97,0.53,27.02,0.25,28.04,,16.87,,,0.71,26.82,-0.29,-0.27,26.48,-0.09,26.31,0.2,28.4,0.92,27.01,-0.2,26.54,-0.01,26.37,0.23,28.33,,-0.15,26.58,,,0.57,-0.44,-0.65,-0.72,-0.16,-0.71,,,,,
2026-03-01,-1.03,0.13,25.67,0.51,27.53,0.36,28.55,,9.25,,,0.89,27.38,-0.02,-0.01,27.27,0.21,27.41,0.43,28.75,1.29,27.89,0.03,27.26,0.24,27.4,0.34,28.56,,0.11,27.28,,,0.9,-0.22,-0.49,-0.46,-0.11,-0.48,,,,,
